<annotation verified="yes">
	<folder>train</folder>
	<filename>IMG_0509.jpg</filename>
	<path>/Users/thuytran/Downloads/Photos-002/train/IMG_0509.jpg</path>
	<source>
		<database>Unknown</database>
	</source>
	<size>
		<width>800</width>
		<height>600</height>
		<depth>3</depth>
	</size>
	<segmented>0</segmented>
	<object>
		<name>android</name>
		<pose>Unspecified</pose>
		<truncated>0</truncated>
		<difficult>0</difficult>
		<bndbox>
			<xmin>10</xmin>
			<ymin>131</ymin>
			<xmax>288</xmax>
			<ymax>401</ymax>
		</bndbox>
	</object>
	<object>
		<name>pig_android</name>
		<pose>Unspecified</pose>
		<truncated>0</truncated>
		<difficult>0</difficult>
		<bndbox>
			<xmin>526</xmin>
			<ymin>82</ymin>
			<xmax>722</xmax>
			<ymax>324</ymax>
		</bndbox>
	</object>
</annotation>
