<annotation>
	<folder>train</folder>
	<filename>IMG_0523.jpg</filename>
	<path>/Users/thuytran/Downloads/Photos-002/train/IMG_0523.jpg</path>
	<source>
		<database>Unknown</database>
	</source>
	<size>
		<width>800</width>
		<height>600</height>
		<depth>3</depth>
	</size>
	<segmented>0</segmented>
	<object>
		<name>pig_android</name>
		<pose>Unspecified</pose>
		<truncated>0</truncated>
		<difficult>0</difficult>
		<bndbox>
			<xmin>308</xmin>
			<ymin>184</ymin>
			<xmax>569</xmax>
			<ymax>495</ymax>
		</bndbox>
	</object>
	<object>
		<name>android</name>
		<pose>Unspecified</pose>
		<truncated>0</truncated>
		<difficult>0</difficult>
		<bndbox>
			<xmin>143</xmin>
			<ymin>67</ymin>
			<xmax>247</xmax>
			<ymax>207</ymax>
		</bndbox>
	</object>
</annotation>
