<annotation>
	<folder>trainingdata</folder>
	<filename>client.jpg</filename>
	<path>/Users/romanburkard/foronered/simspace/pi-network-upload/trainingdata/client.jpg</path>
	<source>
		<database>Unknown</database>
	</source>
	<size>
		<width>286</width>
		<height>238</height>
		<depth>1</depth>
	</size>
	<segmented>0</segmented>
	<object>
		<name>client</name>
		<pose>Unspecified</pose>
		<truncated>0</truncated>
		<difficult>0</difficult>
		<bndbox>
			<xmin>28</xmin>
			<ymin>21</ymin>
			<xmax>267</xmax>
			<ymax>221</ymax>
		</bndbox>
	</object>
</annotation>
