<annotation>
	<folder>trainingdata</folder>
	<filename>firewall.jpg</filename>
	<path>/Users/romanburkard/foronered/simspace/pi-network-upload/trainingdata/firewall.jpg</path>
	<source>
		<database>Unknown</database>
	</source>
	<size>
		<width>178</width>
		<height>162</height>
		<depth>1</depth>
	</size>
	<segmented>0</segmented>
	<object>
		<name>firewall</name>
		<pose>Unspecified</pose>
		<truncated>0</truncated>
		<difficult>0</difficult>
		<bndbox>
			<xmin>10</xmin>
			<ymin>12</ymin>
			<xmax>169</xmax>
			<ymax>153</ymax>
		</bndbox>
	</object>
</annotation>
