<annotation>
	<folder>trainingdata</folder>
	<filename>router.jpg</filename>
	<path>/Users/romanburkard/foronered/simspace/pi-network-upload/trainingdata/router.jpg</path>
	<source>
		<database>Unknown</database>
	</source>
	<size>
		<width>318</width>
		<height>290</height>
		<depth>1</depth>
	</size>
	<segmented>0</segmented>
	<object>
		<name>router</name>
		<pose>Unspecified</pose>
		<truncated>0</truncated>
		<difficult>0</difficult>
		<bndbox>
			<xmin>16</xmin>
			<ymin>2</ymin>
			<xmax>312</xmax>
			<ymax>287</ymax>
		</bndbox>
	</object>
</annotation>
